image_path,date,time
D:\Final Year Project\Face\Images1.0\001_c04300ef.jpg,2025-06-04,15:58:57
D:\Final Year Project\Face\Images1.0\001_d3323f3c.jpg,2025-06-04,15:58:57
D:\Final Year Project\Face\Images1.0\001_fe3347c0.jpg,2025-06-04,15:58:57
D:\Final Year Project\Face\Images1.0\002_8f8da10e.jpg,2025-06-04,15:58:57
D:\Final Year Project\Face\Images1.0\002_f44b8d45.jpg,2025-06-04,15:58:57
D:\Final Year Project\Face\Images1.0\003_57612506.jpg,2025-06-04,15:58:57
D:\Final Year Project\Face\Images1.0\003_b622e925.jpg,2025-06-04,15:58:57
D:\Final Year Project\Face\Images1.0\004_41caa173.jpg,2025-06-04,15:58:57
D:\Final Year Project\Face\Images1.0\004_677c65bf.jpg,2025-06-04,15:58:57
D:\Final Year Project\Face\Images1.0\004_777c50d0.jpg,2025-06-04,15:58:57
D:\Final Year Project\Face\Images1.0\004_f61e7d0c.jpg,2025-06-04,15:58:57
D:\Final Year Project\Face\Images1.0\005_582c121a.jpg,2025-06-04,15:58:57
D:\Final Year Project\Face\Images1.0\005_cb37c7b2.jpg,2025-06-04,15:58:57
D:\Final Year Project\Face\Images1.0\006_2880115c.jpg,2025-06-04,15:58:57
D:\Final Year Project\Face\Images1.0\006_87166f38.jpg,2025-06-04,15:58:57
D:\Final Year Project\Face\Images1.0\006_9135205d.jpg,2025-06-04,15:58:57
D:\Final Year Project\Face\Images1.0\006_ff6876d9.jpg,2025-06-04,15:58:57
D:\Final Year Project\Face\Images1.0\007_1f6f632a.jpg,2025-06-04,15:58:57
D:\Final Year Project\Face\Images1.0\007_68abd54d.jpg,2025-06-04,15:58:57
D:\Final Year Project\Face\Images1.0\007_74ccfb4a.jpg,2025-06-04,15:58:57
D:\Final Year Project\Face\Images1.0\007_cabbfcbb.jpg,2025-06-04,15:58:57
D:\Final Year Project\Face\Images1.0\008_7619a328.jpg,2025-06-04,15:58:57
D:\Final Year Project\Face\Images1.0\008_d1f87068.jpg,2025-06-04,15:58:57
D:\Final Year Project\Face\Images1.0\008_d5553651.jpg,2025-06-04,15:58:57
D:\Final Year Project\Face\Images1.0\009_11c22a3b.jpg,2025-06-04,15:58:57
D:\Final Year Project\Face\Images1.0\009_817304c7.jpg,2025-06-04,15:58:57
D:\Final Year Project\Face\Images1.0\010_08c44431.jpg,2025-06-04,15:58:57
D:\Final Year Project\Face\Images1.0\010_47031d88.jpg,2025-06-04,15:58:57
D:\Final Year Project\Face\Images1.0\010_cce39614.jpg,2025-06-04,15:58:57
D:\Final Year Project\Face\Images1.0\010_f99d79e3.jpg,2025-06-04,15:58:57
D:\Final Year Project\Face\Images1.0\011_17b8991d.jpg,2025-06-04,15:58:57
D:\Final Year Project\Face\Images1.0\011_270cd3ea.jpg,2025-06-04,15:58:57
D:\Final Year Project\Face\Images1.0\011_7344ca35.jpg,2025-06-04,15:58:57
D:\Final Year Project\Face\Images1.0\011_c2d9c2a1.jpg,2025-06-04,15:58:57
D:\Final Year Project\Face\Images1.0\012_6b8f22bf.jpg,2025-06-04,15:58:57
D:\Final Year Project\Face\Images1.0\012_8de7a736.jpg,2025-06-04,15:58:57
D:\Final Year Project\Face\Images1.0\012_b33b05c6.jpg,2025-06-04,15:58:57
D:\Final Year Project\Face\Images1.0\012_cfcd4007.jpg,2025-06-04,15:58:57
D:\Final Year Project\Face\Images1.0\013_025c288f.jpg,2025-06-04,15:58:57
D:\Final Year Project\Face\Images1.0\013_0c83ca91.jpg,2025-06-04,15:58:57
D:\Final Year Project\Face\Images1.0\013_5928728c.jpg,2025-06-04,15:58:57
D:\Final Year Project\Face\Images1.0\013_95ecbd39.jpg,2025-06-04,15:58:57
D:\Final Year Project\Face\Images1.0\014_07f2f9cb.jpg,2025-06-04,15:58:57
D:\Final Year Project\Face\Images1.0\014_0d29db88.jpg,2025-06-04,15:58:57
D:\Final Year Project\Face\Images1.0\014_871b0d80.jpg,2025-06-04,15:58:57
D:\Final Year Project\Face\Images1.0\014_9742cf0f.jpg,2025-06-04,15:58:57
D:\Final Year Project\Face\Images1.0\015_186b4bbf.jpg,2025-06-04,15:58:57
D:\Final Year Project\Face\Images1.0\015_72bb2861.jpg,2025-06-04,15:58:57
D:\Final Year Project\Face\Images1.0\015_82889ec9.jpg,2025-06-04,15:58:57
D:\Final Year Project\Face\Images1.0\015_8bac79b5.jpg,2025-06-04,15:58:57
D:\Final Year Project\Face\Images1.0\016_61188e3c.jpg,2025-06-04,15:58:57
D:\Final Year Project\Face\Images1.0\016_8945d6ca.jpg,2025-06-04,15:58:57
D:\Final Year Project\Face\Images1.0\016_8bb23f7e.jpg,2025-06-04,15:58:57
D:\Final Year Project\Face\Images1.0\016_e319349e.jpg,2025-06-04,15:58:57
D:\Final Year Project\Face\Images1.0\017_4748675b.jpg,2025-06-04,15:58:57
D:\Final Year Project\Face\Images1.0\017_e28ea9d4.jpg,2025-06-04,15:58:57
D:\Final Year Project\Face\Images1.0\017_f308fc36.jpg,2025-06-04,15:58:57
D:\Final Year Project\Face\Images1.0\017_fad27cd4.jpg,2025-06-04,15:58:57
D:\Final Year Project\Face\Images1.0\018_136dbb40.jpg,2025-06-04,15:58:57
D:\Final Year Project\Face\Images1.0\018_3bdca9f6.jpg,2025-06-04,15:58:57
D:\Final Year Project\Face\Images1.0\018_e4ed6557.jpg,2025-06-04,15:58:57
D:\Final Year Project\Face\Images1.0\018_fcafe1a8.jpg,2025-06-04,15:58:57
D:\Final Year Project\Face\Images1.0\019_2d261ea3.jpg,2025-06-04,15:58:57
D:\Final Year Project\Face\Images1.0\019_330f0c75.jpg,2025-06-04,15:58:57
D:\Final Year Project\Face\Images1.0\019_57ab290d.jpg,2025-06-04,15:58:57
D:\Final Year Project\Face\Images1.0\019_ddcd5687.jpg,2025-06-04,15:58:57
D:\Final Year Project\Face\Images1.0\020_45c8d790.jpg,2025-06-04,15:58:57
D:\Final Year Project\Face\Images1.0\020_4c4b655f.jpg,2025-06-04,15:58:57
D:\Final Year Project\Face\Images1.0\020_9f8446bb.jpg,2025-06-04,15:58:57
D:\Final Year Project\Face\Images1.0\020_edd8803c.jpg,2025-06-04,15:58:57
D:\Final Year Project\Face\Images1.0\021_143b276f.jpg,2025-06-04,15:58:57
D:\Final Year Project\Face\Images1.0\021_4d5264fd.jpg,2025-06-04,15:58:57
D:\Final Year Project\Face\Images1.0\021_6e419870.jpg,2025-06-04,15:58:57
D:\Final Year Project\Face\Images1.0\021_8295d645.jpg,2025-06-04,15:58:57
D:\Final Year Project\Face\Images1.0\022_9b0e7dc8.jpg,2025-06-04,15:58:57
D:\Final Year Project\Face\Images1.0\022_a8206d1a.jpg,2025-06-04,15:58:57
D:\Final Year Project\Face\Images1.0\022_b497b92e.jpg,2025-06-04,15:58:57
D:\Final Year Project\Face\Images1.0\022_b60724f6.jpg,2025-06-04,15:58:57
D:\Final Year Project\Face\Images1.0\023_53e3d0b3.jpg,2025-06-04,15:58:57
D:\Final Year Project\Face\Images1.0\023_75fd6b60.jpg,2025-06-04,15:58:57
D:\Final Year Project\Face\Images1.0\023_7781dd1c.jpg,2025-06-04,15:58:57
D:\Final Year Project\Face\Images1.0\023_98d91529.jpg,2025-06-04,15:58:57
D:\Final Year Project\Face\Images1.0\024_2a9dc3ca.jpg,2025-06-04,15:58:57
D:\Final Year Project\Face\Images1.0\024_54112f36.jpg,2025-06-04,15:58:57
D:\Final Year Project\Face\Images1.0\024_54153da7.jpg,2025-06-04,15:58:57
D:\Final Year Project\Face\Images1.0\024_ca32be97.jpg,2025-06-04,15:58:57
D:\Final Year Project\Face\Images1.0\025_25dc7dcf.jpg,2025-06-04,15:58:57
D:\Final Year Project\Face\Images1.0\025_31c04ded.jpg,2025-06-04,15:58:57
D:\Final Year Project\Face\Images1.0\025_41cee764.jpg,2025-06-04,15:58:57
D:\Final Year Project\Face\Images1.0\025_61e2c5e5.jpg,2025-06-04,15:58:57
D:\Final Year Project\Face\Images1.0\026_2828fcaf.jpg,2025-06-04,15:58:57
D:\Final Year Project\Face\Images1.0\026_2f832037.jpg,2025-06-04,15:58:57
D:\Final Year Project\Face\Images1.0\026_4e67d826.jpg,2025-06-04,15:58:57
D:\Final Year Project\Face\Images1.0\026_805241a7.jpg,2025-06-04,15:58:57
D:\Final Year Project\Face\Images1.0\027_58887f30.jpg,2025-06-04,15:58:57
D:\Final Year Project\Face\Images1.0\027_78f200c3.jpg,2025-06-04,15:58:57
D:\Final Year Project\Face\Images1.0\027_c7a10f8d.jpg,2025-06-04,15:58:57
D:\Final Year Project\Face\Images1.0\027_ded82a08.jpg,2025-06-04,15:58:57
D:\Final Year Project\Face\Images1.0\028_181cbb8a.jpg,2025-06-04,15:58:57
D:\Final Year Project\Face\Images1.0\028_29634e07.jpg,2025-06-04,15:58:57
D:\Final Year Project\Face\Images1.0\028_6a0ff8de.jpg,2025-06-04,15:58:57
D:\Final Year Project\Face\Images1.0\028_7214d33e.jpg,2025-06-04,15:58:57
D:\Final Year Project\Face\Images1.0\029_36dac19e.jpg,2025-06-04,15:58:57
D:\Final Year Project\Face\Images1.0\029_c6e0a7f3.jpg,2025-06-04,15:58:57
D:\Final Year Project\Face\Images1.0\029_cf7e7736.jpg,2025-06-04,15:58:57
D:\Final Year Project\Face\Images1.0\029_f2882b0d.jpg,2025-06-04,15:58:57
D:\Final Year Project\Face\Images1.0\030_66bddeb6.jpg,2025-06-04,15:58:57
D:\Final Year Project\Face\Images1.0\030_716e4856.jpg,2025-06-04,15:58:57
D:\Final Year Project\Face\Images1.0\030_90c3e21e.jpg,2025-06-04,15:58:57
D:\Final Year Project\Face\Images1.0\030_c2291830.jpg,2025-06-04,15:58:57
D:\Final Year Project\Face\Images1.0\031_2364f4d8.jpg,2025-06-04,15:58:57
D:\Final Year Project\Face\Images1.0\031_2fe075a5.jpg,2025-06-04,15:58:57
D:\Final Year Project\Face\Images1.0\031_8fc10a75.jpg,2025-06-04,15:58:57
D:\Final Year Project\Face\Images1.0\031_e8d3b475.jpg,2025-06-04,15:58:57
D:\Final Year Project\Face\Images1.0\032_0e6a520a.jpg,2025-06-04,15:58:57
D:\Final Year Project\Face\Images1.0\032_a67c5aa8.jpg,2025-06-04,15:58:57
D:\Final Year Project\Face\Images1.0\032_fd37a8e2.jpg,2025-06-04,15:58:57
D:\Final Year Project\Face\Images1.0\033_06f1823f.jpg,2025-06-04,15:58:57
D:\Final Year Project\Face\Images1.0\033_23e68208.jpg,2025-06-04,15:58:57
D:\Final Year Project\Face\Images1.0\033_46c95715.jpg,2025-06-04,15:58:57
D:\Final Year Project\Face\Images1.0\033_f49a691c.jpg,2025-06-04,15:58:57
D:\Final Year Project\Face\Images1.0\034_09baeb19.jpg,2025-06-04,15:58:57
D:\Final Year Project\Face\Images1.0\034_418fbbdb.jpg,2025-06-04,15:58:57
D:\Final Year Project\Face\Images1.0\034_984e63b3.jpg,2025-06-04,15:58:57
D:\Final Year Project\Face\Images1.0\034_e09c630c.jpg,2025-06-04,15:58:57
D:\Final Year Project\Face\Images1.0\035_014caeb7.jpg,2025-06-04,15:58:57
D:\Final Year Project\Face\Images1.0\035_2e497561.jpg,2025-06-04,15:58:57
D:\Final Year Project\Face\Images1.0\035_79812fd1.jpg,2025-06-04,15:58:57
D:\Final Year Project\Face\Images1.0\036_0be99621.jpg,2025-06-04,15:58:57
D:\Final Year Project\Face\Images1.0\036_3e807a88.jpg,2025-06-04,15:58:57
D:\Final Year Project\Face\Images1.0\036_5e0af3bf.jpg,2025-06-04,15:58:57
D:\Final Year Project\Face\Images1.0\036_7ec2e5de.jpg,2025-06-04,15:58:57
D:\Final Year Project\Face\Images1.0\037_39f2db43.jpg,2025-06-04,15:58:57
D:\Final Year Project\Face\Images1.0\037_62d00a09.jpg,2025-06-04,15:58:57
D:\Final Year Project\Face\Images1.0\037_b5467841.jpg,2025-06-04,15:58:57
D:\Final Year Project\Face\Images1.0\037_f5b8733a.jpg,2025-06-04,15:58:57
D:\Final Year Project\Face\Images1.0\038_5e10a567.jpg,2025-06-04,15:58:57
D:\Final Year Project\Face\Images1.0\038_69b748e3.jpg,2025-06-04,15:58:57
D:\Final Year Project\Face\Images1.0\038_d967a9c7.jpg,2025-06-04,15:58:57
D:\Final Year Project\Face\Images1.0\038_e40d5b16.jpg,2025-06-04,15:58:57
D:\Final Year Project\Face\Images1.0\039_1c018deb.jpg,2025-06-04,15:58:57
D:\Final Year Project\Face\Images1.0\039_6b10ab98.jpg,2025-06-04,15:58:57
D:\Final Year Project\Face\Images1.0\039_80446065.jpg,2025-06-04,15:58:57
D:\Final Year Project\Face\Images1.0\039_faa6425d.jpg,2025-06-04,15:58:57
D:\Final Year Project\Face\Images1.0\040_2ef814c7.jpg,2025-06-04,15:58:57
D:\Final Year Project\Face\Images1.0\040_4baf02be.jpg,2025-06-04,15:58:57
D:\Final Year Project\Face\Images1.0\040_9b4bfe5b.jpg,2025-06-04,15:58:57
D:\Final Year Project\Face\Images1.0\040_e534b74f.jpg,2025-06-04,15:58:57
D:\Final Year Project\Face\Images1.0\041_abf5c9cb.jpg,2025-06-04,15:58:57
D:\Final Year Project\Face\Images1.0\041_c8998bae.jpg,2025-06-04,15:58:57
D:\Final Year Project\Face\Images1.0\041_cc0957bf.jpg,2025-06-04,15:58:57
D:\Final Year Project\Face\Images1.0\041_efeaa4c3.jpg,2025-06-04,15:58:57
D:\Final Year Project\Face\Images1.0\042_2ccd070f.jpg,2025-06-04,15:58:57
D:\Final Year Project\Face\Images1.0\042_31710794.jpg,2025-06-04,15:58:57
D:\Final Year Project\Face\Images1.0\042_8030e553.jpg,2025-06-04,15:58:57
D:\Final Year Project\Face\Images1.0\042_b0c87dc0.jpg,2025-06-04,15:58:57
D:\Final Year Project\Face\Images1.0\043_1d38d614.jpg,2025-06-04,15:58:57
D:\Final Year Project\Face\Images1.0\043_6973a308.jpg,2025-06-04,15:58:57
D:\Final Year Project\Face\Images1.0\043_9bfd94a4.jpg,2025-06-04,15:58:57
D:\Final Year Project\Face\Images1.0\043_b812749f.jpg,2025-06-04,15:58:57
D:\Final Year Project\Face\Images1.0\044_1844df0f.jpg,2025-06-04,15:58:57
D:\Final Year Project\Face\Images1.0\044_512dfd33.jpg,2025-06-04,15:58:57
D:\Final Year Project\Face\Images1.0\044_ac060de4.jpg,2025-06-04,15:58:57
D:\Final Year Project\Face\Images1.0\044_c38d661d.jpg,2025-06-04,15:58:57
D:\Final Year Project\Face\Images1.0\045_24b44c3d.jpg,2025-06-04,15:58:57
D:\Final Year Project\Face\Images1.0\045_60fc8dc5.jpg,2025-06-04,15:58:57
D:\Final Year Project\Face\Images1.0\045_6895fe7e.jpg,2025-06-04,15:58:57
D:\Final Year Project\Face\Images1.0\045_c560251e.jpg,2025-06-04,15:58:57
D:\Final Year Project\Face\Images1.0\046_8bf34269.jpg,2025-06-04,15:58:57
D:\Final Year Project\Face\Images1.0\046_b67077e0.jpg,2025-06-04,15:58:57
D:\Final Year Project\Face\Images1.0\046_d93a2c2d.jpg,2025-06-04,15:58:57
D:\Final Year Project\Face\Images1.0\046_de6d6bf0.jpg,2025-06-04,15:58:57
D:\Final Year Project\Face\Images1.0\047_05f6a63f.jpg,2025-06-04,15:58:57
D:\Final Year Project\Face\Images1.0\047_5350c8c0.jpg,2025-06-04,15:58:57
D:\Final Year Project\Face\Images1.0\047_54ea04fa.jpg,2025-06-04,15:58:57
D:\Final Year Project\Face\Images1.0\047_80045019.jpg,2025-06-04,15:58:57
D:\Final Year Project\Face\Images1.0\048_0a32a483.jpg,2025-06-04,15:58:57
D:\Final Year Project\Face\Images1.0\048_185402c6.jpg,2025-06-04,15:58:57
D:\Final Year Project\Face\Images1.0\048_9d5874a5.jpg,2025-06-04,15:58:57
D:\Final Year Project\Face\Images1.0\048_cd8dc27d.jpg,2025-06-04,15:58:57
D:\Final Year Project\Face\Images1.0\049_31625c44.jpg,2025-06-04,15:58:57
D:\Final Year Project\Face\Images1.0\049_40f1ba49.jpg,2025-06-04,15:58:57
D:\Final Year Project\Face\Images1.0\049_4d6df392.jpg,2025-06-04,15:58:57
D:\Final Year Project\Face\Images1.0\049_beaf3777.jpg,2025-06-04,15:58:57
D:\Final Year Project\Face\Images1.0\050_3e39c960.jpg,2025-06-04,15:58:57
D:\Final Year Project\Face\Images1.0\050_509d326a.jpg,2025-06-04,15:58:57
D:\Final Year Project\Face\Images1.0\050_7c5b026c.jpg,2025-06-04,15:58:57
D:\Final Year Project\Face\Images1.0\050_a5810700.jpg,2025-06-04,15:58:57
D:\Final Year Project\Face\Images1.0\abc.jpg,2025-06-04,15:58:57
D:\Final Year Project\Face\Images1.0\abcc.jpg,2025-06-04,15:58:57
D:\Final Year Project\Face\Images1.0\aliii.jpg,2025-06-04,15:58:57
D:\Final Year Project\Face\Images1.0\Angelina.jpg,2025-06-04,15:58:57
D:\Final Year Project\Face\Images1.0\bbbb.jpg,2025-06-04,15:58:57
D:\Final Year Project\Face\Images1.0\Brad.jpg,2025-06-04,15:58:57
D:\Final Year Project\Face\Images1.0\Good.jpg,2025-06-04,15:58:57
D:\Final Year Project\Face\Images1.0\Happppy.jpg,2025-06-04,15:58:57
D:\Final Year Project\Face\Images1.0\jjj.jpg,2025-06-04,15:58:57
D:\Final Year Project\Face\Images1.0\King.jpg,2025-06-04,15:58:57
D:\Final Year Project\Face\Images1.0\kusti.jpg,2025-06-04,15:58:57
D:\Final Year Project\Face\Images1.0\TMKC.jpg,2025-06-04,15:58:57
